{
  "project_info": {
    "project_number": "589839614884",
    "firebase_url": "https://lastapp-912c4.firebaseio.com",
    "project_id": "lastapp-912c4",
    "storage_bucket": "lastapp-912c4.appspot.com"
  },
  "client": [
    {
      "client_info": {
        "mobilesdk_app_id": "1:589839614884:android:f4901f854a88216e",
        "android_client_info": {
          "package_name": "com.example.root.lastapp"
        }
      },
      "oauth_client": [
        {
          "client_id": "589839614884-in8q2oo0sdhul4c6al58paiisc62fdlc.apps.googleusercontent.com",
          "client_type": 1,
          "android_info": {
            "package_name": "com.example.root.lastapp",
            "certificate_hash": "6dafae19673dc35a4d1d815081fc27b7f91ae4f5"
          }
        },
        {
          "client_id": "589839614884-0cp0i2jkkisttande5ihh5o9esilq191.apps.googleusercontent.com",
          "client_type": 3
        }
      ],
      "api_key": [
        {
          "current_key": "AIzaSyCUdsSkScpT2QPvGQPYObrcI_uziQRze5Q"
        }
      ],
      "services": {
        "analytics_service": {
          "status": 1
        },
        "appinvite_service": {
          "status": 2,
          "other_platform_oauth_client": [
            {
              "client_id": "589839614884-0cp0i2jkkisttande5ihh5o9esilq191.apps.googleusercontent.com",
              "client_type": 3
            }
          ]
        },
        "ads_service": {
          "status": 2
        }
      }
    }
  ],
  "configuration_version": "1"
}